{
"lengthUnit": "mil",
"remark": [],
"components": {
	"fields": ["COMPONENT_NO", "COMPONENT_NAME", "LAYER", "X_COORDINATE", "Y_COORDINATE", "ANGLE"],
	"rows": [
		[1, "C1", "B", 165, -395, 270],
		[2, "H1", "B", -0.8031, 1454.3469, 180],
		[3, "LED1", "T", -574.0421, -525.8278, 180],
		[4, "LED2", "T", 520.9579, -458.7656, 0],
		[5, "LED3", "T", 422.065, -71.1337, 0],
		[6, "LED4", "T", -392.935, -34.0715, 180],
		[7, "LED5", "T", -182.935, 507.9907, 180],
		[8, "LED6", "T", 192.065, 455.0529, 0],
		[9, "R1", "B", -920, -525, 0],
		[10, "R2", "B", 885, -460, 180],
		[11, "R3", "B", 275, 0, 90],
		[12, "R4", "B", -265, 0, 270],
		[13, "R5", "B", 780, -70, 180],
		[14, "R6", "B", -785, -30, 0],
		[15, "R7", "B", -650, 505, 0],
		[16, "R8", "B", 550, 455, 180],
		[17, "U1", "B", 5, -5, 180],
		[18, "PAD1", "T", 165, -493.425, 0],
		[19, "PAD1", "B", 165, -493.425, 0],
		[20, "PAD2", "T", 165, -296.575, 0],
		[21, "PAD2", "B", 165, -296.575, 0],
		[22, "PAD3", "T", -624.0421, -525.8278, 0],
		[23, "PAD3", "B", -624.0421, -525.8278, 0],
		[24, "PAD4", "T", -524.0421, -525.8278, 0],
		[25, "PAD4", "B", -524.0421, -525.8278, 0],
		[26, "PAD5", "T", 570.9579, -458.7656, 0],
		[27, "PAD5", "B", 570.9579, -458.7656, 0],
		[28, "PAD6", "T", 470.9579, -458.7656, 0],
		[29, "PAD6", "B", 470.9579, -458.7656, 0],
		[30, "PAD7", "T", -1126.69, -525, 0],
		[31, "PAD7", "B", -1126.69, -525, 0],
		[32, "PAD8", "T", -713.31, -525, 0],
		[33, "PAD8", "B", -713.31, -525, 0],
		[34, "PAD9", "T", 1091.69, -460, 0],
		[35, "PAD9", "B", 1091.69, -460, 0],
		[36, "PAD10", "T", 678.31, -460, 0],
		[37, "PAD10", "B", 678.31, -460, 0],
		[38, "PAD11", "T", 275, -206.695, 0],
		[39, "PAD11", "B", 275, -206.695, 0],
		[40, "PAD12", "T", 275, 206.695, 0],
		[41, "PAD12", "B", 275, 206.695, 0],
		[42, "PAD13", "T", -265, 206.69, 0],
		[43, "PAD13", "B", -265, 206.69, 0],
		[44, "PAD14", "T", -265, -206.69, 0],
		[45, "PAD14", "B", -265, -206.69, 0],
		[46, "PAD15", "T", 155, -155, 0],
		[47, "PAD15", "B", 155, -155, 0],
		[48, "PAD16", "T", 55, -155, 0],
		[49, "PAD16", "B", 55, -155, 0],
		[50, "PAD17", "T", -45, -155, 0],
		[51, "PAD17", "B", -45, -155, 0],
		[52, "PAD18", "T", -145, -155, 0],
		[53, "PAD18", "B", -145, -155, 0],
		[54, "PAD19", "T", -45, 145, 0],
		[55, "PAD19", "B", -45, 145, 0],
		[56, "PAD20", "T", 55, 145, 0],
		[57, "PAD20", "B", 55, 145, 0],
		[58, "PAD21", "T", 155, 145, 0],
		[59, "PAD21", "B", 155, 145, 0],
		[60, "PAD22", "T", 472.065, -71.1337, 0],
		[61, "PAD22", "B", 472.065, -71.1337, 0],
		[62, "PAD23", "T", 372.065, -71.1337, 0],
		[63, "PAD23", "B", 372.065, -71.1337, 0],
		[64, "PAD24", "T", -442.935, -34.0715, 0],
		[65, "PAD24", "B", -442.935, -34.0715, 0],
		[66, "PAD25", "T", -342.935, -34.0715, 0],
		[67, "PAD25", "B", -342.935, -34.0715, 0],
		[68, "PAD26", "T", -232.935, 507.9907, 0],
		[69, "PAD26", "B", -232.935, 507.9907, 0],
		[70, "PAD27", "T", -132.935, 507.9907, 0],
		[71, "PAD27", "B", -132.935, 507.9907, 0],
		[72, "PAD28", "T", 242.065, 455.0529, 0],
		[73, "PAD28", "B", 242.065, 455.0529, 0],
		[74, "PAD29", "T", 142.065, 455.0529, 0],
		[75, "PAD29", "B", 142.065, 455.0529, 0],
		[76, "PAD30", "T", 986.69, -70, 0],
		[77, "PAD30", "B", 986.69, -70, 0],
		[78, "PAD31", "T", 573.31, -70, 0],
		[79, "PAD31", "B", 573.31, -70, 0],
		[80, "PAD32", "T", -991.69, -30, 0],
		[81, "PAD32", "B", -991.69, -30, 0],
		[82, "PAD33", "T", -578.31, -30, 0],
		[83, "PAD33", "B", -578.31, -30, 0],
		[84, "PAD34", "T", -856.69, 505, 0],
		[85, "PAD34", "B", -856.69, 505, 0],
		[86, "PAD35", "T", -443.31, 505, 0],
		[87, "PAD35", "B", -443.31, 505, 0],
		[88, "PAD36", "T", 756.69, 455, 0],
		[89, "PAD36", "B", 756.69, 455, 0],
		[90, "PAD37", "T", 343.31, 455, 0],
		[91, "PAD37", "B", 343.31, 455, 0],
		[92, "PAD38", "T", -100.8031, 1454.3469, 0],
		[93, "PAD38", "B", -100.8031, 1454.3469, 0],
		[94, "PAD39", "T", -0.8031, 1454.3469, 0],
		[95, "PAD39", "B", -0.8031, 1454.3469, 0],
		[96, "PAD40", "T", 99.1969, 1454.3469, 0],
		[97, "PAD40", "B", 99.1969, 1454.3469, 0]
	]
},
"pins": {
	"fields": ["PIN_NO", "PIN_NAME", "PIN_X", "PIN_Y", "LAYER", "PIN_TYPE", "NET_NAME", "NET_TYPE", "PAD_SHAPE", "PAD_SIZEX", "PAD_SIZEY", "HOLE_SIZE", "HOLE_LEN", "PAD_ANGLE"],
	"rows": [
		[1, "C1_1", 165, -296.575, "T", "DIP", "$1N1217", "", "C", 62.992, 62.992, 35.434, 35.434, 270],
		[2, "C1_1", 165, -296.575, "B", "DIP", "$1N1217", "", "C", 62.992, 62.992, 35.434, 35.434, 270],
		[3, "C1_2", 165, -493.425, "T", "DIP", "GND", "GND", "C", 62.992, 62.992, 35.434, 35.434, 270],
		[4, "C1_2", 165, -493.425, "B", "DIP", "GND", "GND", "C", 62.992, 62.992, 35.434, 35.434, 270],
		[5, "H1_1", 99.1969, 1454.3469, "T", "DIP", "GND", "GND", "R", 62, 70.866, 47.244, 47.244, 180],
		[6, "H1_1", 99.1969, 1454.3469, "B", "DIP", "GND", "GND", "R", 62, 70.866, 47.244, 47.244, 180],
		[7, "H1_2", -0.8031, 1454.3469, "T", "DIP", "9V", "", "C", 70.866, 70.866, 47.244, 47.244, 180],
		[8, "H1_2", -0.8031, 1454.3469, "B", "DIP", "9V", "", "C", 70.866, 70.866, 47.244, 47.244, 180],
		[9, "H1_3", -100.8031, 1454.3469, "T", "DIP", "GND", "GND", "C", 70.866, 70.866, 47.244, 47.244, 180],
		[10, "H1_3", -100.8031, 1454.3469, "B", "DIP", "GND", "GND", "C", 70.866, 70.866, 47.244, 47.244, 180],
		[11, "LED1_1", -524.0421, -525.8278, "T", "DIP", "GND", "GND", "C", 60, 60, 35.434, 35.434, 180],
		[12, "LED1_1", -524.0421, -525.8278, "B", "DIP", "GND", "GND", "C", 60, 60, 35.434, 35.434, 180],
		[13, "LED1_2", -624.0421, -525.8278, "T", "DIP", "$1N989", "", "C", 60, 60, 35.434, 35.434, 180],
		[14, "LED1_2", -624.0421, -525.8278, "B", "DIP", "$1N989", "", "C", 60, 60, 35.434, 35.434, 180],
		[15, "LED2_1", 470.9579, -458.7656, "T", "DIP", "GND", "GND", "C", 60, 60, 35.434, 35.434, 0],
		[16, "LED2_1", 470.9579, -458.7656, "B", "DIP", "GND", "GND", "C", 60, 60, 35.434, 35.434, 0],
		[17, "LED2_2", 570.9579, -458.7656, "T", "DIP", "$1N985", "", "C", 60, 60, 35.434, 35.434, 0],
		[18, "LED2_2", 570.9579, -458.7656, "B", "DIP", "$1N985", "", "C", 60, 60, 35.434, 35.434, 0],
		[19, "LED3_1", 372.065, -71.1337, "T", "DIP", "GND", "GND", "C", 60, 60, 35.434, 35.434, 0],
		[20, "LED3_1", 372.065, -71.1337, "B", "DIP", "GND", "GND", "C", 60, 60, 35.434, 35.434, 0],
		[21, "LED3_2", 472.065, -71.1337, "T", "DIP", "$1N1468", "", "C", 60, 60, 35.434, 35.434, 0],
		[22, "LED3_2", 472.065, -71.1337, "B", "DIP", "$1N1468", "", "C", 60, 60, 35.434, 35.434, 0],
		[23, "LED4_1", -342.935, -34.0715, "T", "DIP", "GND", "GND", "C", 60, 60, 35.434, 35.434, 180],
		[24, "LED4_1", -342.935, -34.0715, "B", "DIP", "GND", "GND", "C", 60, 60, 35.434, 35.434, 180],
		[25, "LED4_2", -442.935, -34.0715, "T", "DIP", "$1N1466", "", "C", 60, 60, 35.434, 35.434, 180],
		[26, "LED4_2", -442.935, -34.0715, "B", "DIP", "$1N1466", "", "C", 60, 60, 35.434, 35.434, 180],
		[27, "LED5_1", -132.935, 507.9907, "T", "DIP", "GND", "GND", "C", 60, 60, 35.434, 35.434, 180],
		[28, "LED5_1", -132.935, 507.9907, "B", "DIP", "GND", "GND", "C", 60, 60, 35.434, 35.434, 180],
		[29, "LED5_2", -232.935, 507.9907, "T", "DIP", "$1N1645", "", "C", 60, 60, 35.434, 35.434, 180],
		[30, "LED5_2", -232.935, 507.9907, "B", "DIP", "$1N1645", "", "C", 60, 60, 35.434, 35.434, 180],
		[31, "LED6_1", 142.065, 455.0529, "T", "DIP", "GND", "GND", "C", 60, 60, 35.434, 35.434, 0],
		[32, "LED6_1", 142.065, 455.0529, "B", "DIP", "GND", "GND", "C", 60, 60, 35.434, 35.434, 0],
		[33, "LED6_2", 242.065, 455.0529, "T", "DIP", "$1N1643", "", "C", 60, 60, 35.434, 35.434, 0],
		[34, "LED6_2", 242.065, 455.0529, "B", "DIP", "$1N1643", "", "C", 60, 60, 35.434, 35.434, 0],
		[35, "R1_1", -1126.69, -525, "T", "DIP", "$1N995", "", "C", 74, 74, 39.37, 39.37, 0],
		[36, "R1_1", -1126.69, -525, "B", "DIP", "$1N995", "", "C", 74, 74, 39.37, 39.37, 0],
		[37, "R1_2", -713.31, -525, "T", "DIP", "$1N989", "", "C", 74, 74, 39.37, 39.37, 0],
		[38, "R1_2", -713.31, -525, "B", "DIP", "$1N989", "", "C", 74, 74, 39.37, 39.37, 0],
		[39, "R2_1", 1091.69, -460, "T", "DIP", "$1N995", "", "C", 74, 74, 39.37, 39.37, 180],
		[40, "R2_1", 1091.69, -460, "B", "DIP", "$1N995", "", "C", 74, 74, 39.37, 39.37, 180],
		[41, "R2_2", 678.31, -460, "T", "DIP", "$1N985", "", "C", 74, 74, 39.37, 39.37, 180],
		[42, "R2_2", 678.31, -460, "B", "DIP", "$1N985", "", "C", 74, 74, 39.37, 39.37, 180],
		[43, "R3_1", 275, -206.695, "T", "DIP", "$1N1217", "", "C", 62.992, 62.992, 36, 36, 90],
		[44, "R3_1", 275, -206.695, "B", "DIP", "$1N1217", "", "C", 62.992, 62.992, 36, 36, 90],
		[45, "R3_2", 275, 206.695, "T", "DIP", "$1N1207", "", "C", 62.992, 62.992, 36, 36, 90],
		[46, "R3_2", 275, 206.695, "B", "DIP", "$1N1207", "", "C", 62.992, 62.992, 36, 36, 90],
		[47, "R4_1", -265, 206.69, "T", "DIP", "$1N1207", "", "C", 74, 74, 39.37, 39.37, 270],
		[48, "R4_1", -265, 206.69, "B", "DIP", "$1N1207", "", "C", 74, 74, 39.37, 39.37, 270],
		[49, "R4_2", -265, -206.69, "T", "DIP", "9V", "", "C", 74, 74, 39.37, 39.37, 270],
		[50, "R4_2", -265, -206.69, "B", "DIP", "9V", "", "C", 74, 74, 39.37, 39.37, 270],
		[51, "R5_1", 986.69, -70, "T", "DIP", "$1N995", "", "C", 74, 74, 39.37, 39.37, 180],
		[52, "R5_1", 986.69, -70, "B", "DIP", "$1N995", "", "C", 74, 74, 39.37, 39.37, 180],
		[53, "R5_2", 573.31, -70, "T", "DIP", "$1N1468", "", "C", 74, 74, 39.37, 39.37, 180],
		[54, "R5_2", 573.31, -70, "B", "DIP", "$1N1468", "", "C", 74, 74, 39.37, 39.37, 180],
		[55, "R6_1", -991.69, -30, "T", "DIP", "$1N995", "", "C", 74, 74, 39.37, 39.37, 0],
		[56, "R6_1", -991.69, -30, "B", "DIP", "$1N995", "", "C", 74, 74, 39.37, 39.37, 0],
		[57, "R6_2", -578.31, -30, "T", "DIP", "$1N1466", "", "C", 74, 74, 39.37, 39.37, 0],
		[58, "R6_2", -578.31, -30, "B", "DIP", "$1N1466", "", "C", 74, 74, 39.37, 39.37, 0],
		[59, "R7_1", -856.69, 505, "T", "DIP", "$1N995", "", "C", 74, 74, 39.37, 39.37, 0],
		[60, "R7_1", -856.69, 505, "B", "DIP", "$1N995", "", "C", 74, 74, 39.37, 39.37, 0],
		[61, "R7_2", -443.31, 505, "T", "DIP", "$1N1645", "", "C", 74, 74, 39.37, 39.37, 0],
		[62, "R7_2", -443.31, 505, "B", "DIP", "$1N1645", "", "C", 74, 74, 39.37, 39.37, 0],
		[63, "R8_1", 756.69, 455, "T", "DIP", "$1N995", "", "C", 74, 74, 39.37, 39.37, 180],
		[64, "R8_1", 756.69, 455, "B", "DIP", "$1N995", "", "C", 74, 74, 39.37, 39.37, 180],
		[65, "R8_2", 343.31, 455, "T", "DIP", "$1N1643", "", "C", 74, 74, 39.37, 39.37, 180],
		[66, "R8_2", 343.31, 455, "B", "DIP", "$1N1643", "", "C", 74, 74, 39.37, 39.37, 180],
		[67, "U1_1", 155, -155, "T", "DIP", "GND", "GND", "R", 70.866, 70.866, 39.37, 39.37, 180],
		[68, "U1_1", 155, -155, "B", "DIP", "GND", "GND", "R", 70.866, 70.866, 39.37, 39.37, 180],
		[69, "U1_2", 55, -155, "T", "DIP", "$1N1217", "", "C", 70.866, 70.866, 39.37, 39.37, 180],
		[70, "U1_2", 55, -155, "B", "DIP", "$1N1217", "", "C", 70.866, 70.866, 39.37, 39.37, 180],
		[71, "U1_3", -45, -155, "T", "DIP", "$1N995", "", "C", 70.866, 70.866, 39.37, 39.37, 180],
		[72, "U1_3", -45, -155, "B", "DIP", "$1N995", "", "C", 70.866, 70.866, 39.37, 39.37, 180],
		[73, "U1_4", -145, -155, "T", "DIP", "9V", "", "C", 70.866, 70.866, 39.37, 39.37, 180],
		[74, "U1_4", -145, -155, "B", "DIP", "9V", "", "C", 70.866, 70.866, 39.37, 39.37, 180],
		[75, "U1_5", -145, 145, "T", "DIP", "NET_1", "", "C", 70.866, 70.866, 39.37, 39.37, 180],
		[76, "U1_5", -145, 145, "B", "DIP", "NET_1", "", "C", 70.866, 70.866, 39.37, 39.37, 180],
		[77, "U1_6", -45, 145, "T", "DIP", "$1N1217", "", "C", 70.866, 70.866, 39.37, 39.37, 180],
		[78, "U1_6", -45, 145, "B", "DIP", "$1N1217", "", "C", 70.866, 70.866, 39.37, 39.37, 180],
		[79, "U1_7", 55, 145, "T", "DIP", "$1N1207", "", "C", 70.866, 70.866, 39.37, 39.37, 180],
		[80, "U1_7", 55, 145, "B", "DIP", "$1N1207", "", "C", 70.866, 70.866, 39.37, 39.37, 180],
		[81, "U1_8", 155, 145, "T", "DIP", "9V", "", "C", 70.866, 70.866, 39.37, 39.37, 180],
		[82, "U1_8", 155, 145, "B", "DIP", "9V", "", "C", 70.866, 70.866, 39.37, 39.37, 180],
		[83, "PAD1_2", 165, -493.425, "T", "DIP", "GND", "GND", "C", 62.992, 62.992, 35.434, 35.434, 270],
		[84, "PAD1_2", 165, -493.425, "B", "DIP", "GND", "GND", "C", 62.992, 62.992, 35.434, 35.434, 270],
		[85, "PAD2_1", 165, -296.575, "T", "DIP", "$1N1217", "", "C", 62.992, 62.992, 35.434, 35.434, 270],
		[86, "PAD2_1", 165, -296.575, "B", "DIP", "$1N1217", "", "C", 62.992, 62.992, 35.434, 35.434, 270],
		[87, "PAD3_2", -624.0421, -525.8278, "T", "DIP", "$1N989", "", "C", 60, 60, 35.434, 35.434, 180],
		[88, "PAD3_2", -624.0421, -525.8278, "B", "DIP", "$1N989", "", "C", 60, 60, 35.434, 35.434, 180],
		[89, "PAD4_1", -524.0421, -525.8278, "T", "DIP", "GND", "GND", "C", 60, 60, 35.434, 35.434, 180],
		[90, "PAD4_1", -524.0421, -525.8278, "B", "DIP", "GND", "GND", "C", 60, 60, 35.434, 35.434, 180],
		[91, "PAD5_2", 570.9579, -458.7656, "T", "DIP", "$1N985", "", "C", 60, 60, 35.434, 35.434, 0],
		[92, "PAD5_2", 570.9579, -458.7656, "B", "DIP", "$1N985", "", "C", 60, 60, 35.434, 35.434, 0],
		[93, "PAD6_1", 470.9579, -458.7656, "T", "DIP", "GND", "GND", "C", 60, 60, 35.434, 35.434, 0],
		[94, "PAD6_1", 470.9579, -458.7656, "B", "DIP", "GND", "GND", "C", 60, 60, 35.434, 35.434, 0],
		[95, "PAD7_1", -1126.69, -525, "T", "DIP", "$1N995", "", "C", 74, 74, 39.37, 39.37, 0],
		[96, "PAD7_1", -1126.69, -525, "B", "DIP", "$1N995", "", "C", 74, 74, 39.37, 39.37, 0],
		[97, "PAD8_2", -713.31, -525, "T", "DIP", "$1N989", "", "C", 74, 74, 39.37, 39.37, 0],
		[98, "PAD8_2", -713.31, -525, "B", "DIP", "$1N989", "", "C", 74, 74, 39.37, 39.37, 0],
		[99, "PAD9_1", 1091.69, -460, "T", "DIP", "$1N995", "", "C", 74, 74, 39.37, 39.37, 180],
		[100, "PAD9_1", 1091.69, -460, "B", "DIP", "$1N995", "", "C", 74, 74, 39.37, 39.37, 180],
		[101, "PAD10_2", 678.31, -460, "T", "DIP", "$1N985", "", "C", 74, 74, 39.37, 39.37, 180],
		[102, "PAD10_2", 678.31, -460, "B", "DIP", "$1N985", "", "C", 74, 74, 39.37, 39.37, 180],
		[103, "PAD11_1", 275, -206.695, "T", "DIP", "$1N1217", "", "C", 62.992, 62.992, 36, 36, 90],
		[104, "PAD11_1", 275, -206.695, "B", "DIP", "$1N1217", "", "C", 62.992, 62.992, 36, 36, 90],
		[105, "PAD12_2", 275, 206.695, "T", "DIP", "$1N1207", "", "C", 62.992, 62.992, 36, 36, 90],
		[106, "PAD12_2", 275, 206.695, "B", "DIP", "$1N1207", "", "C", 62.992, 62.992, 36, 36, 90],
		[107, "PAD13_1", -265, 206.69, "T", "DIP", "$1N1207", "", "C", 74, 74, 39.37, 39.37, 270],
		[108, "PAD13_1", -265, 206.69, "B", "DIP", "$1N1207", "", "C", 74, 74, 39.37, 39.37, 270],
		[109, "PAD14_2", -265, -206.69, "T", "DIP", "9V", "", "C", 74, 74, 39.37, 39.37, 270],
		[110, "PAD14_2", -265, -206.69, "B", "DIP", "9V", "", "C", 74, 74, 39.37, 39.37, 270],
		[111, "PAD15_1", 155, -155, "T", "DIP", "GND", "GND", "R", 70.866, 70.866, 39.37, 39.37, 180],
		[112, "PAD15_1", 155, -155, "B", "DIP", "GND", "GND", "R", 70.866, 70.866, 39.37, 39.37, 180],
		[113, "PAD16_2", 55, -155, "T", "DIP", "$1N1217", "", "C", 70.866, 70.866, 39.37, 39.37, 180],
		[114, "PAD16_2", 55, -155, "B", "DIP", "$1N1217", "", "C", 70.866, 70.866, 39.37, 39.37, 180],
		[115, "PAD17_3", -45, -155, "T", "DIP", "$1N995", "", "C", 70.866, 70.866, 39.37, 39.37, 180],
		[116, "PAD17_3", -45, -155, "B", "DIP", "$1N995", "", "C", 70.866, 70.866, 39.37, 39.37, 180],
		[117, "PAD18_4", -145, -155, "T", "DIP", "9V", "", "C", 70.866, 70.866, 39.37, 39.37, 180],
		[118, "PAD18_4", -145, -155, "B", "DIP", "9V", "", "C", 70.866, 70.866, 39.37, 39.37, 180],
		[119, "PAD19_6", -45, 145, "T", "DIP", "$1N1217", "", "C", 70.866, 70.866, 39.37, 39.37, 180],
		[120, "PAD19_6", -45, 145, "B", "DIP", "$1N1217", "", "C", 70.866, 70.866, 39.37, 39.37, 180],
		[121, "PAD20_7", 55, 145, "T", "DIP", "$1N1207", "", "C", 70.866, 70.866, 39.37, 39.37, 180],
		[122, "PAD20_7", 55, 145, "B", "DIP", "$1N1207", "", "C", 70.866, 70.866, 39.37, 39.37, 180],
		[123, "PAD21_8", 155, 145, "T", "DIP", "9V", "", "C", 70.866, 70.866, 39.37, 39.37, 180],
		[124, "PAD21_8", 155, 145, "B", "DIP", "9V", "", "C", 70.866, 70.866, 39.37, 39.37, 180],
		[125, "PAD22_2", 472.065, -71.1337, "T", "DIP", "$1N1468", "", "C", 60, 60, 35.434, 35.434, 0],
		[126, "PAD22_2", 472.065, -71.1337, "B", "DIP", "$1N1468", "", "C", 60, 60, 35.434, 35.434, 0],
		[127, "PAD23_1", 372.065, -71.1337, "T", "DIP", "GND", "GND", "C", 60, 60, 35.434, 35.434, 0],
		[128, "PAD23_1", 372.065, -71.1337, "B", "DIP", "GND", "GND", "C", 60, 60, 35.434, 35.434, 0],
		[129, "PAD24_2", -442.935, -34.0715, "T", "DIP", "$1N1466", "", "C", 60, 60, 35.434, 35.434, 180],
		[130, "PAD24_2", -442.935, -34.0715, "B", "DIP", "$1N1466", "", "C", 60, 60, 35.434, 35.434, 180],
		[131, "PAD25_1", -342.935, -34.0715, "T", "DIP", "GND", "GND", "C", 60, 60, 35.434, 35.434, 180],
		[132, "PAD25_1", -342.935, -34.0715, "B", "DIP", "GND", "GND", "C", 60, 60, 35.434, 35.434, 180],
		[133, "PAD26_2", -232.935, 507.9907, "T", "DIP", "$1N1645", "", "C", 60, 60, 35.434, 35.434, 180],
		[134, "PAD26_2", -232.935, 507.9907, "B", "DIP", "$1N1645", "", "C", 60, 60, 35.434, 35.434, 180],
		[135, "PAD27_1", -132.935, 507.9907, "T", "DIP", "GND", "GND", "C", 60, 60, 35.434, 35.434, 180],
		[136, "PAD27_1", -132.935, 507.9907, "B", "DIP", "GND", "GND", "C", 60, 60, 35.434, 35.434, 180],
		[137, "PAD28_2", 242.065, 455.0529, "T", "DIP", "$1N1643", "", "C", 60, 60, 35.434, 35.434, 0],
		[138, "PAD28_2", 242.065, 455.0529, "B", "DIP", "$1N1643", "", "C", 60, 60, 35.434, 35.434, 0],
		[139, "PAD29_1", 142.065, 455.0529, "T", "DIP", "GND", "GND", "C", 60, 60, 35.434, 35.434, 0],
		[140, "PAD29_1", 142.065, 455.0529, "B", "DIP", "GND", "GND", "C", 60, 60, 35.434, 35.434, 0],
		[141, "PAD30_1", 986.69, -70, "T", "DIP", "$1N995", "", "C", 74, 74, 39.37, 39.37, 180],
		[142, "PAD30_1", 986.69, -70, "B", "DIP", "$1N995", "", "C", 74, 74, 39.37, 39.37, 180],
		[143, "PAD31_2", 573.31, -70, "T", "DIP", "$1N1468", "", "C", 74, 74, 39.37, 39.37, 180],
		[144, "PAD31_2", 573.31, -70, "B", "DIP", "$1N1468", "", "C", 74, 74, 39.37, 39.37, 180],
		[145, "PAD32_1", -991.69, -30, "T", "DIP", "$1N995", "", "C", 74, 74, 39.37, 39.37, 0],
		[146, "PAD32_1", -991.69, -30, "B", "DIP", "$1N995", "", "C", 74, 74, 39.37, 39.37, 0],
		[147, "PAD33_2", -578.31, -30, "T", "DIP", "$1N1466", "", "C", 74, 74, 39.37, 39.37, 0],
		[148, "PAD33_2", -578.31, -30, "B", "DIP", "$1N1466", "", "C", 74, 74, 39.37, 39.37, 0],
		[149, "PAD34_1", -856.69, 505, "T", "DIP", "$1N995", "", "C", 74, 74, 39.37, 39.37, 0],
		[150, "PAD34_1", -856.69, 505, "B", "DIP", "$1N995", "", "C", 74, 74, 39.37, 39.37, 0],
		[151, "PAD35_2", -443.31, 505, "T", "DIP", "$1N1645", "", "C", 74, 74, 39.37, 39.37, 0],
		[152, "PAD35_2", -443.31, 505, "B", "DIP", "$1N1645", "", "C", 74, 74, 39.37, 39.37, 0],
		[153, "PAD36_1", 756.69, 455, "T", "DIP", "$1N995", "", "C", 74, 74, 39.37, 39.37, 180],
		[154, "PAD36_1", 756.69, 455, "B", "DIP", "$1N995", "", "C", 74, 74, 39.37, 39.37, 180],
		[155, "PAD37_2", 343.31, 455, "T", "DIP", "$1N1643", "", "C", 74, 74, 39.37, 39.37, 180],
		[156, "PAD37_2", 343.31, 455, "B", "DIP", "$1N1643", "", "C", 74, 74, 39.37, 39.37, 180],
		[157, "PAD38_3", -100.8031, 1454.3469, "T", "DIP", "GND", "GND", "C", 70.866, 70.866, 47.244, 47.244, 180],
		[158, "PAD38_3", -100.8031, 1454.3469, "B", "DIP", "GND", "GND", "C", 70.866, 70.866, 47.244, 47.244, 180],
		[159, "PAD39_2", -0.8031, 1454.3469, "T", "DIP", "9V", "", "C", 70.866, 70.866, 47.244, 47.244, 180],
		[160, "PAD39_2", -0.8031, 1454.3469, "B", "DIP", "9V", "", "C", 70.866, 70.866, 47.244, 47.244, 180],
		[161, "PAD40_1", 99.1969, 1454.3469, "T", "DIP", "GND", "GND", "R", 62, 70.866, 47.244, 47.244, 180],
		[162, "PAD40_1", 99.1969, 1454.3469, "B", "DIP", "GND", "GND", "R", 62, 70.866, 47.244, 47.244, 180]
	]
}
}